id,src_x,src_y,ref_x,ref_y,score,is_inlier,residual_px,sigma_px,grid_cell
0,55.082977294921875,347.64739990234375,267.0218963623047,296.17291259765625,0.26595592498779297,0,41.20348227873369,nan,0
1,73.34437561035156,182.99868774414062,372.33392333984375,57.09864807128906,0.34267669916152954,0,186.9415818753605,nan,0
2,145.4065399169922,317.1570129394531,103.55573654174805,120.78794860839844,0.27375420928001404,0,140.55741241629187,nan,0
3,198.42788696289062,148.1744384765625,372.33392333984375,57.09864807128906,0.6386464238166809,0,270.89790448718196,nan,0
4,213.97669982910156,5.627931594848633,377.7398986816406,30.1683406829834,0.2931744158267975,0,401.31351039068323,nan,0
5,421.20892333984375,309.466796875,372.33392333984375,57.09864807128906,0.4824446439743042,0,387.2473597473653,nan,0
6,427.3944396972656,314.3799133300781,372.33392333984375,57.09864807128906,0.4019380211830139,0,392.6826368521347,nan,0
7,437.8827133178711,339.693603515625,372.33392333984375,57.09864807128906,0.4122728705406189,0,400.58739307615394,nan,1
8,463.66148376464844,301.8082580566406,439.96160888671875,273.9123229980469,0.2766290605068207,0,336.75248264009934,nan,1
9,487.43196868896484,128.86878967285156,663.6885070800781,51.189693450927734,0.33215147256851196,0,605.5408348070497,nan,1
10,513.5137329101562,130.06602478027344,372.33392333984375,57.09864807128906,0.34131431579589844,0,530.918469851427,nan,1
11,580.1477203369141,376.4088439941406,520.6542663574219,82.12705993652344,0.2547743320465088,0,306.9551411689778,nan,1
12,644.6147766113281,28.21231460571289,355.84178161621094,29.07969093322754,0.26814958453178406,0,696.967022210766,nan,1
13,666.4791259765625,242.0529022216797,372.33392333984375,57.09864807128906,0.2522673010826111,0,640.5059448417867,nan,1
14,751.4955139160156,189.61517333984375,352.6022491455078,170.84144592285156,0.26400166749954224,0,739.2092113080688,nan,1
15,843.2694702148438,70.03729248046875,442.5874328613281,274.0993347167969,0.2762563228607178,0,764.4602295394599,nan,1
16,948.5439453125,165.34910583496094,517.7317733764648,443.4784851074219,0.2630201280117035,0,985.4833251411274,nan,2
17,1057.652587890625,300.1644592285156,873.3388564660913,12.517349866545496,0.3355802595615387,0,1093.5314351016632,7.130986643583163,2
18,1085.4080200195312,12.260778427124023,739.9562683105469,371.919921875,0.3439539968967438,0,1150.7674890564533,nan,2
19,1207.7984924316406,201.53085327148438,517.7317733764648,443.4784851074219,0.3334226608276367,0,1236.346396794958,nan,2
20,1223.4281005859375,228.7903594970703,523.3059387207031,436.5898742675781,0.26730191707611084,0,1249.5692442017976,nan,2
21,1307.3251190185547,108.98737335205078,802.8534088134766,181.62216186523438,0.26258814334869385,0,1354.1205193491144,nan,3
22,1355.4381561279297,402.36029052734375,742.3412170410156,369.4583740234375,0.31196650862693787,0,1371.153393910953,nan,3
23,1360.6959686279297,405.1256408691406,739.9562606811523,371.919921875,0.47669604420661926,0,1376.4238666884162,nan,3
24,1360.6959686279297,405.1256408691406,739.9562606811523,371.919921875,0.44331055879592896,0,1376.4238666884162,nan,3
25,1402.9110565185547,29.518095016479492,780.0064697265625,105.48925018310547,0.26896676421165466,0,1472.3157897633869,nan,3
26,1412.6483612060547,392.6128845214844,907.0449523925781,369.33489990234375,0.30178651213645935,0,1424.7469994100534,nan,3
27,1438.6796417236328,354.53857421875,696.7641410827637,64.47953796386719,0.27395743131637573,0,1500.1340430110592,nan,3
28,1444.3365631103516,372.2550354003906,828.4442443847656,241.07766723632812,0.3206426203250885,0,1464.498103144256,nan,3
29,1545.5518798828125,79.69865417480469,838.0395355224609,121.08203887939453,0.2554779052734375,0,1596.2368194528224,nan,3
30,1691.6367797851562,393.597900390625,894.4479064941406,120.05210876464844,0.2601929008960724,0,1717.0848112307488,nan,3
31,1706.3277587890625,216.51943969726562,945.0294494628906,72.75936317443848,0.38452574610710144,0,1736.4903450658323,nan,3
32,31.232988357543945,853.7424011230469,139.09884643554688,305.3982391357422,0.2581951916217804,0,497.30306070248685,nan,4
33,88.33694458007812,850.3349609375,362.363037109375,543.0273742675781,0.31772223114967346,1,451.7080039432063,nan,4
34,94.71259307861328,795.2250061035156,18.587318420410156,410.5287780761719,0.2714281380176544,0,450.3400032583406,nan,4
35,111.66926574707031,687.1283569335938,401.9347839355469,237.641845703125,0.2552250325679779,0,319.8342839442974,nan,4
36,167.10557556152344,502.8487243652344,85.56881617067616,421.4870719721637,0.2699544131755829,0,222.4147725893569,3.9241051285399142,4
37,216.43482971191406,625.6416625976562,92.14637756347656,130.3248634338379,0.28165239095687866,0,337.80363692544137,nan,4
38,265.9416198730469,851.0704650878906,362.363037109375,543.0273742675781,0.28107282519340515,0,468.45355989791165,nan,4
39,289.90875244140625,532.1653594970703,333.4366149902344,227.19281768798828,0.2585291266441345,0,311.18500921283925,nan,4
40,322.6139831542969,454.56282806396484,222.62977600097656,212.68496704101562,0.2717974781990051,0,322.2298584825243,nan,4
41,418.1600646972656,594.6511993408203,442.5874328613281,274.09934997558594,0.34353938698768616,0,324.8385111391782,nan,4
42,496.1480407714844,547.6352844238281,401.9347839355469,237.641845703125,0.256168007850647,0,474.09055667491594,nan,5
43,532.3531951904297,709.8475036621094,468.9377746582031,618.0770568847656,0.25824710726737976,0,636.44309085225,nan,5
44,577.9691619873047,551.3243713378906,509.5498962402344,263.2498779296875,0.2785906493663788,0,756.2239364624487,nan,5
45,577.9691619873047,551.3243713378906,509.5498962402344,263.2498779296875,0.260357141494751,0,756.2239364624487,nan,5
46,588.2720794677734,510.434326171875,227.23755645751953,588.29296875,0.3536792993545532,0,620.7118067926408,nan,5
47,639.5696105957031,691.0034790039062,630.9906921386719,517.5984191894531,0.2673495411872864,0,729.9122127283999,nan,5
48,650.4777526855469,768.846435546875,490.5091247558594,355.8939971923828,0.2725726068019867,0,836.3906937079072,nan,5
49,671.8502807617188,736.1081237792969,553.2432556152344,526.2843322753906,0.35187435150146484,0,779.7529931192673,nan,5
50,757.0289916992188,712.4643859863281,491.0163879394531,615.1454467773438,0.31682300567626953,0,835.1915906569325,nan,5
51,772.6636657714844,560.2242279052734,655.3093872070312,436.3710632324219,0.25199219584465027,0,812.6376671459454,nan,5
52,839.3267822265625,432.6934585571289,458.8675842285156,160.24842834472656,0.25749868154525757,0,734.9528020789498,nan,5
53,863.9861450195312,731.0141906738281,775.4229431152344,417.3061981201172,0.2535192370414734,0,954.0214219882458,nan,6
54,879.9446640014648,605.0523681640625,575.3762817382812,618.2598571777344,0.27879196405410767,0,915.2148714675969,nan,6
55,975.5276641845703,447.63453674316406,480.4450225830078,634.4621276855469,0.4476257562637329,0,975.5040232541602,nan,6
56,981.9147644042969,543.0128936767578,480.4450225830078,634.4621276855469,0.3468710780143738,0,995.3259707542644,nan,6
57,1064.6073608398438,816.7609558105469,704.5216064453125,355.0085906982422,0.263488233089447,0,1178.4015375502784,nan,6
58,1072.246337890625,467.2725830078125,533.19970703125,252.130859375,0.28618478775024414,0,1175.8952368868026,nan,6
59,1105.1613464355469,788.3388366699219,517.7317733764648,443.4784851074219,0.25617823004722595,0,1207.9458771618172,nan,6
60,1142.0596008300781,540.8446655273438,491.0163803100586,615.1454467773438,0.3131183087825775,0,1154.9437610392324,nan,6
61,1158.8001098632812,511.10948181152344,483.69677734375,642.9793395996094,0.2908446490764618,0,1164.3560502468304,nan,6
62,1183.9673767089844,573.2029724121094,508.2866516113281,433.0960693359375,0.2639829218387604,0,1228.3596122066526,nan,6
63,1326.4873123168945,497.8655090332031,677.8720245361328,514.4674682617188,0.26917731761932373,0,1341.3799481896729,nan,7
64,1336.9418487548828,668.5089111328125,619.3450832366943,367.9207458496094,0.3143376410007477,0,1395.2493990549171,nan,7
65,1385.1935729980469,497.3857727050781,653.4750709533691,453.8007049560547,0.26677650213241577,0,1404.0683976318626,nan,7
66,1418.7011413574219,704.1824645996094,730.6626052856445,660.4528198242188,0.26123419404029846,0,1461.8881513781928,nan,7
67,1434.1451263427734,598.9305725097656,908.6070556640625,647.3345031738281,0.27942222356796265,0,1457.3610904365698,nan,7
68,1540.9511108398438,478.05297088623047,828.4442443847656,241.07766723632812,0.3255751430988312,0,1566.282821211665,nan,7
69,1564.4573669433594,674.2635498046875,760.1326751708984,517.1825866699219,0.3387046754360199,0,1603.572504916943,nan,7
70,1588.10400390625,538.9252319335938,729.9049758911133,544.5572509765625,0.3342844843864441,0,1604.2713334624095,nan,7
71,65.86064910888672,929.609375,163.4752655029297,602.7678833007812,0.3242456316947937,0,583.0236525543752,nan,8
72,123.96357727050781,928.8947296142578,58.13267517089844,707.5304565429688,0.2532704174518585,0,595.9232850621639,nan,8
73,128.31358337402344,1052.1650695800781,44.81122970581055,595.3511047363281,0.29880279302597046,0,712.982352132711,nan,8
74,238.7701873779297,1164.0898132324219,309.864013671875,390.2302017211914,0.2542036175727844,0,833.8311555328833,nan,8
75,289.1489562988281,1227.0670166015625,227.2094268798828,730.8300170898438,0.28405651450157166,0,954.1278094990768,nan,8
76,332.40704345703125,879.3027877807617,309.3705139160156,438.5379638671875,0.32843250036239624,0,610.4046935586101,nan,8
77,333.54119873046875,1253.5482788085938,209.69297790527344,723.0230712890625,0.3623579144477844,0,985.6348557618267,nan,8
78,417.5867614746094,1151.489013671875,364.44744873046875,537.7047119140625,0.30014652013778687,0,495.24323075874105,nan,8
79,453.4230499267578,885.5002899169922,353.18109130859375,659.0621337890625,0.2520517408847809,0,659.074593320428,nan,9
80,506.64439392089844,863.8551940917969,576.8883972167969,592.5500183105469,0.2702490985393524,0,720.1564084513599,nan,9
81,556.9044494628906,1160.5142211914062,402.8446960449219,753.4225769042969,0.26630306243896484,0,961.4902399972782,nan,9
82,601.3149261474609,1182.6207885742188,366.7351428269565,360.00990676108086,0.26518312096595764,0,990.7478435064328,3.603155488885214,9
83,622.3785095214844,1075.9606628417969,572.35107421875,600.0170593261719,0.32318052649497986,0,953.985862827664,nan,9
84,649.0390930175781,910.7702865600586,516.4843139648438,559.9954071044922,0.26200902462005615,0,858.3655146704965,nan,9
85,808.8743286132812,1146.5274353027344,163.4752597808838,602.7678833007812,0.2992386221885681,0,1141.9449115240634,nan,9
86,810.4198913574219,1015.0971527099609,163.4752597808838,602.7678833007812,0.3176150321960449,0,1055.895196745932,nan,9
87,826.3739013671875,1057.2732238769531,163.4752597808838,602.7678833007812,0.5495439171791077,0,1095.0432899999166,nan,9
88,829.8318481445312,1061.0282897949219,163.4752597808838,602.7678833007812,0.26795974373817444,0,1100.1074553027358,nan,9
89,830.6287841796875,1166.8449401855469,411.4667663574219,531.3343048095703,0.25513726472854614,0,1171.615852436291,nan,9
90,848.592529296875,1277.4391479492188,285.9087371826172,665.3491821289062,0.25607389211654663,0,1324.4131534568594,nan,9
91,859.1607513427734,1008.3437347412109,480.4450225830078,634.4621429443359,0.27896779775619507,0,1075.419875614075,nan,10
92,862.7362594604492,1230.1219177246094,646.9606323242188,678.7261047363281,0.2696157693862915,0,1228.0341229104338,nan,10
93,868.8869781494141,1211.5023193359375,458.5698471069336,437.34205627441406,0.27139991521835327,0,1256.32330675491,nan,10
94,891.7766036987305,1027.6412048339844,364.4474353790283,537.7047119140625,0.2635410726070404,1,53.42471832163058,nan,10
95,975.6890258789062,1124.0301513671875,364.4474353790283,537.7047119140625,0.26875361800193787,1,81.97748938447201,nan,10
96,1027.7780456542969,967.6680145263672,460.56781005859375,646.5310974121094,0.26161643862724304,0,1189.8880203976962,nan,10
97,1035.3921661376953,920.81298828125,798.2879638671875,851.1350402832031,0.25819921493530273,0,1176.2548159717078,nan,10
98,1046.4141082763672,1274.1183776855469,491.01637268066406,615.1454315185547,0.3031681180000305,0,1391.064725979603,nan,10
99,1057.5311279296875,1189.7911682128906,416.9888381958008,814.805419921875,0.30663707852363586,0,1326.1485170608955,nan,10
100,1068.7224426269531,895.6900634765625,784.7298583984375,599.1236877441406,0.26569682359695435,0,1201.2947961674245,nan,10
101,1088.6742858886719,1141.1056518554688,375.4629364013672,833.3474426269531,0.28247198462486267,0,1311.862579491975,nan,10
102,1125.8408813476562,1164.574951171875,475.87232208251953,656.7850646972656,0.2776278257369995,0,1380.6642430726693,nan,10
103,1233.0418395996094,1097.2734680175781,802.4693298339844,760.4280395507812,0.45237791538238525,0,1437.9491422866572,nan,10
104,1332.0554580688477,1194.6683044433594,783.2417445211569,851.4552952947014,0.3108380138874054,0,1570.7768832135303,5.91824999806026,11
105,1386.559310913086,891.4571075439453,811.6315612792969,513.8448257446289,0.25950300693511963,0,1493.6507027429952,nan,11
106,1460.473861694336,995.4000854492188,654.1237641381985,572.4656716400831,0.26897144317626953,0,1598.8317464802471,6.553141848466205,11
107,1572.8317565917969,1049.6712951660156,996.2798767089844,772.5483093261719,0.2710382640361786,0,1719.706436192205,nan,11
108,1663.6460876464844,943.6709136962891,600.062858581543,569.1500244140625,0.27188950777053833,0,1768.7176376401314,nan,11
109,1677.3550109863281,1020.5172882080078,781.1364440917969,897.3074340820312,0.28576046228408813,0,1799.4020012022938,nan,11
110,22.26669692993164,1509.7039489746094,171.22695922851562,729.9406890869141,0.25419583916664124,0,1165.5395088350106,nan,12
111,48.05823516845703,1478.5123291015625,163.4752655029297,602.7678909301758,0.2615484893321991,0,1128.3816982828266,nan,12
112,85.91899108886719,1598.5693969726562,362.363037109375,543.0273866653442,0.2556818425655365,1,302.063862642214,nan,12
113,150.39002990722656,1556.6692810058594,362.363037109375,543.0273866653442,0.32427075505256653,1,257.30669731638466,nan,12
114,193.6889190673828,1425.3973236083984,54.707801818847656,797.2145690917969,0.25780531764030457,0,1100.4000620358154,nan,12
115,203.7041015625,1320.4413146972656,362.363037109375,543.0273866653442,0.3724011480808258,1,74.64085175751543,nan,12
116,241.0624542236328,1623.1621704101562,253.1061553955078,551.5700721740723,0.30008795857429504,0,1293.9243413683205,nan,12
117,268.73822021484375,1683.66796875,362.363037109375,543.0273866653442,0.28226056694984436,1,407.3112958435269,nan,12
118,337.71368408203125,1627.0289001464844,339.7880554199219,783.8839874267578,0.27710801362991333,0,1291.0049230841014,nan,12
119,350.1761169433594,1534.7048950195312,362.363037109375,543.0273866653442,0.2905385196208954,1,320.4904523305997,nan,12
120,443.01009368896484,1447.656982421875,375.7079162597656,728.4228973388672,0.20884421467781067,0,1160.5758670098733,nan,13
121,453.48512268066406,1416.1083068847656,563.2251586914062,822.5112915039062,0.20049633085727692,0,1148.019438653603,nan,13
122,523.2825622558594,1481.0497436523438,466.56248828414437,929.5715821221057,0.2288956642150879,0,1228.7189083025553,10.0,13
123,535.1461639404297,1380.8557586669922,581.3264770507812,887.5910949707031,0.26420825719833374,0,1149.6604924090434,nan,13
124,569.6871185302734,1375.7181854248047,534.1361389160156,872.5908508300781,0.24873089790344238,0,1159.8612714384876,nan,13
125,574.2630920410156,1468.9464111328125,401.8078308105469,993.8410339355469,0.2068021148443222,0,1233.0849049621518,nan,13
126,626.4493103027344,1706.5177612304688,424.6543273925781,891.8885803222656,0.2469749003648758,0,1474.047883032555,nan,13
127,637.8955383300781,1423.8277740478516,307.9338684082031,785.7583465576172,0.20884785056114197,0,1179.3348887192833,nan,13
128,641.3986511230469,1489.4013977050781,339.6087188720703,586.606351852417,0.22923488914966583,0,1405.8294511983167,nan,13
129,646.8796691894531,1389.2040252685547,560.7842102050781,720.3240966796875,0.21246491372585297,0,1215.8842600467688,nan,13
130,656.3912963867188,1522.0936584472656,572.35107421875,600.0170516967773,0.2263423055410385,0,1340.4349937682748,nan,13
131,658.8663024902344,1528.0781555175781,526.8488464355469,675.816047668457,0.21209587156772614,0,1342.3104267329747,nan,13
132,661.5525817871094,1681.9989318847656,567.8205871582031,971.985107421875,0.22975978255271912,0,1473.4793961071025,nan,13
133,661.6373901367188,1633.871826171875,163.47525787353516,602.767894744873,0.25701624155044556,0,1447.932573193609,nan,13
134,662.7737426757812,1473.3630828857422,546.5792846679688,746.5570068359375,0.2458517700433731,0,1294.7616662800433,nan,13
135,673.9634704589844,1703.5270690917969,228.5551528930664,666.1992797851562,0.2313803732395172,0,1528.684415760177,nan,13
136,691.7567138671875,1339.9235382080078,375.4629211425781,833.3474426269531,0.21055938303470612,0,1178.1380823868242,nan,13
137,737.9971008300781,1350.1102142333984,475.872314453125,656.7850723266602,0.24269108474254608,0,1233.9539320397673,nan,13
138,747.3303527832031,1297.3334350585938,497.03497314453125,718.0402679443359,0.23750978708267212,0,1195.573073786053,nan,13
139,777.1231079101562,1354.7865905761719,394.2528991699219,579.8105430603027,0.22777868807315826,0,1260.8490444822605,nan,13
140,808.1953735351562,1303.0652084350586,375.4629211425781,833.3474426269531,0.20046387612819672,0,1218.4791781875244,nan,13
141,826.8666381835938,1490.5549926757812,560.7842102050781,720.3240966796875,0.22884154319763184,0,1400.4669823762931,nan,13
142,839.9698486328125,1515.1316833496094,266.8789520263672,767.5062866210938,0.20965726673603058,0,2051.5989014428437,nan,13
143,1076.6415710449219,1451.4575958251953,483.69677734375,642.9793510437012,0.2551162540912628,0,1532.6277130224482,nan,14
144,1102.6969299316406,1617.9822082519531,741.8366088867188,822.5943908691406,0.2747187912464142,0,1673.314700971872,nan,14
145,1110.5745239257812,1682.1594848632812,483.69677734375,642.9793510437012,0.258052259683609,0,1726.7136295908142,nan,14
146,1160.1693115234375,1391.0186462402344,772.310546875,944.823486328125,0.2526499330997467,0,1549.701606643227,nan,14
147,1180.9502258300781,1643.3491821289062,733.7082824707031,759.6330718994141,0.2880743443965912,0,1745.7804178742972,nan,14
148,1188.2549438476562,1531.1091918945312,480.4450225830078,634.4621429443359,0.3564673066139221,0,1668.236169927044,nan,14
149,1215.1200256347656,1391.7545623779297,375.4629364013672,833.3474578857422,0.2554531991481781,0,1567.366198191186,nan,14
150,1228.9920654296875,1659.5806579589844,491.01637268066406,615.145435333252,0.3062193989753723,0,1790.7484152947427,nan,14
151,1271.8002624511719,1314.1683197021484,347.2183589935303,954.8527526855469,0.26573967933654785,0,1554.0219754462464,nan,14
152,1292.1278762817383,1398.9825134277344,654.7855069529236,901.7311471721546,0.28851747512817383,0,1653.428176579458,9.278211224222288,15
153,1294.515769958496,1631.4259338378906,618.2645721435547,1012.1384582519531,0.26476332545280457,0,1807.0227009902362,nan,15
154,1376.9543151855469,1480.462158203125,772.3105621337891,944.823486328125,0.28125277161598206,0,1772.546074433623,nan,15
155,1426.7842407226562,1648.5723876953125,816.2189025878906,859.0965576171875,0.31292036175727844,0,1922.685970366626,nan,15
156,1456.0792846679688,1648.0893249511719,581.3264770507812,887.5910949707031,0.3695138096809387,0,1937.5720964465386,nan,15
157,1476.284912109375,1321.2598342895508,654.7832565307617,901.7366638183594,0.2602914273738861,0,1756.3342616564028,nan,15
158,1480.8161926269531,1501.9420776367188,938.5008077390759,697.6030041681217,0.26417335867881775,0,1874.5992208336168,10.0,15
159,1492.5927429199219,1401.4959259033203,847.6561889648438,653.3334541320801,0.27274587750434875,0,1825.0430345224208,nan,15
160,1502.5716247558594,1415.4164581298828,894.6743469238281,1006.0247802734375,0.35896772146224976,0,1834.0086626953976,nan,15
161,1526.2547607421875,1334.4932708740234,857.5997009277344,704.4956893920898,0.3025374710559845,0,1814.3324675067993,nan,15
162,1579.2176208496094,1318.1355743408203,688.9277496337891,932.4947509765625,0.26328229904174805,0,1841.8586561040152,nan,15
