id,src_x,src_y,ref_x,ref_y,score,is_inlier,residual_px,sigma_px,grid_cell,role
0,68.5,150.5,102.0,75.0,0.11381754279136658,0,26.25106382227057,,0,control
1,194.5,84.5,175.0696156740459,68.19045229838368,0.15791818499565125,0,4.280583715228169,0.33558014663516406,0,control
2,212.5,148.5,289.0,202.0,0.1103338748216629,0,301.72545468794766,,0,control
3,212.5,206.5,173.3818365445866,130.08403363501023,0.17513631284236908,0,4.583226256100173,0.9644204996454684,0,check
4,140.5,180.5,135.0,106.0,0.1123359203338623,0,9.87887516075475,,0,control
5,100.5,164.5,57.74276719102063,43.53882696906395,0.14525844156742096,0,162.90535207790097,0.6342141698035947,0,control
6,174.5,30.5,168.59872231196755,37.82503138820594,0.14609917998313904,1,0.3401329248902205,0.6022109062473928,0,control
7,116.5,128.5,131.4476147354682,81.00345835405395,0.11876662075519562,1,0.2724870135372791,0.541033035960826,0,control
8,178.5,208.5,155.28956341618627,126.62434892788882,0.11902710050344467,1,0.7290586002680234,0.559963336554742,0,control
9,260.5,124.5,203.0,91.0,0.1699376404285431,1,1.410215696160175,,1,control
10,332.5,190.5,233.09452917276403,131.3705991304602,0.20818251371383667,1,1.1907686256009338,0.9149371317223081,1,control
11,242.5,144.5,192.5786067132109,100.12741817215557,0.17958444356918335,1,0.38542700800871743,0.8617137930995703,1,control
12,214.5,70.5,185.3718811499508,61.695409526795004,0.11656931042671204,1,1.091534047441426,0.8145732267447195,1,control
13,300.5,122.5,222.3456035812387,94.21083820629953,0.14079414308071136,1,0.9608166359678145,0.5536637277349216,1,control
14,374.5,122.5,259.4511291997857,101.39147474158213,0.1564880907535553,1,0.34225579830205766,0.6398812485205886,1,control
15,388.5,104.5,267.32082154841413,93.29866143880206,0.14804543554782867,1,1.203499380899411,0.630710557448877,1,control
16,420.5,152.5,279.51422625790286,120.68235225575759,0.1506693810224533,1,0.5857247685957334,0.7481390620204951,1,control
17,360.5,210.5,244.5091577563887,142.6735246903381,0.226682648062706,1,1.3329670051213158,0.49099489856318174,1,control
18,382.5,162.5,260.06914479402326,122.10787442506302,0.22876450419425964,1,0.7729664533605687,0.32886135491543883,1,check
19,362.5,146.5,251.60391569229466,112.4448631064347,0.1730339676141739,1,0.915648975067439,0.4997041748070692,1,control
20,376.5,184.5,254.6840109019118,131.49978985127728,0.15861064195632935,1,1.1959737034067475,1.768222346762292,1,check
21,532.5,190.5,331.0,152.0,0.17011256515979767,0,6.184237607119805,,2,check
22,508.5,78.5,329.0,93.0,0.10894349962472916,1,1.5235555138732093,,2,control
23,546.5,210.5,336.16482770531246,159.90496080641623,0.14371854066848755,1,0.10679710254767677,0.6233235555203369,2,control
24,578.5,188.5,337.3655353192535,82.85427462437947,0.10395633429288864,0,143.29609194855118,1.5825005728377972,2,control
25,528.5,42.5,158.10383361330562,159.09217492049905,0.11380641162395477,0,404.63981452433063,1.2941956481073758,2,control
26,524.5,58.5,338.0,84.0,0.2086797058582306,1,0.3507311976770101,,2,control
27,518.5,124.5,330.0,112.0,0.11124763637781143,0,7.1632198280877795,,2,control
28,470.5,126.5,306.30262529108796,112.26305795829194,0.12242966890335083,1,0.30584952938938037,0.3957501438763131,2,control
29,484.5,80.5,316.78642951304914,90.90703241362421,0.14013320207595825,1,0.34446965686509845,0.6904970978201284,2,control
30,566.5,110.5,354.19555997742737,112.23291422074264,0.15677575767040253,1,1.3027776196460912,0.7295080060744721,2,control
31,434.5,196.5,282.0,147.0,0.16074083745479584,0,7.710512751496094,,2,control
32,700.5,140.5,416.9943463525905,139.90035297511469,0.19542966783046722,1,0.8301570848823381,0.29362060819105873,3,control
33,654.5,126.5,395.6842776464853,128.54404561902933,0.16090412437915802,1,0.12961991268163123,0.834523695862427,3,check
34,796.5,172.5,460.39814560113587,163.52968116343985,0.10192497819662094,1,0.6335710526822923,0.3972684582187866,3,control
35,776.5,82.5,458.08522260146657,117.72633350982193,0.12103943526744843,1,0.40621996676820954,0.48864449363212287,3,control
36,764.5,148.5,447.0386095061524,149.2580383449532,0.11377331614494324,1,0.6682550854911513,0.4054943463403221,3,control
37,728.5,118.5,432.0785101900794,131.15019381345988,0.17550429701805115,1,0.26485370198470487,0.46402013270787734,3,control
38,32.5,382.5,102.0,75.0,0.1414417177438736,0,256.72690086310627,,4,control
39,174.5,336.5,131.0,260.0,0.14031730592250824,0,143.44695747082588,,4,control
40,174.5,336.5,142.0,189.0,0.10202606767416,1,0.34755190644222916,,4,control
41,194.5,270.5,157.83926805866037,158.32789135328318,0.11564169079065323,1,0.1734476774570249,0.5840698215667413,4,control
42,204.5,300.5,160.3106764618241,174.543642912034,0.22393594682216644,1,1.386837258592581,0.758150630533975,4,control
43,104.5,250.5,114.41564191908279,139.4838063369952,0.13797616958618164,1,2.5421105588107467,0.48385965674956855,4,check
44,154.5,358.5,130.20485799370547,198.10257721378537,0.12581846117973328,1,0.25921590548973,1.2722566560387503,4,control
45,136.5,326.5,124.5170840599814,181.37758067422334,0.11459092050790787,1,0.9819712293469322,2.1150402874525875,4,control
46,30.5,292.5,46.75399616816317,205.52387642352025,0.1672336608171463,0,114.77702252668978,1.248100006690215,4,control
47,242.5,312.5,178.0,182.0,0.1827763020992279,1,1.6815461039041542,,5,control
48,268.5,352.5,187.0,205.0,0.14590004086494446,1,0.3856701883099365,,5,control
49,324.5,328.5,378.0,159.0,0.1747269630432129,0,333.4620465053812,,5,control
50,324.5,328.5,217.0,198.0,0.2229113131761551,1,0.099190336009993,,5,control
51,276.5,248.5,199.82905189796242,153.44832032124248,0.17187528312206268,1,1.5171749360200366,1.0634868430706717,5,control
52,396.5,214.5,262.3172415665897,148.8385699721667,0.12628936767578125,1,0.5624418835240279,1.1990233045703704,5,control
53,384.5,408.5,240.20697535738125,243.81061665383052,0.11606903374195099,1,1.5681145044179805,1.9725640324012286,5,control
54,416.5,372.5,258.70628069099666,228.06894517665177,0.10139868408441544,1,0.3729447367247108,0.7855184144268147,5,control
55,346.5,348.5,224.31218147977364,209.06944903458788,0.20547756552696228,0,4.072504880163385,1.4944678841573098,5,check
56,304.5,232.5,215.0777460491667,148.75917773154885,0.1293090432882309,1,0.5456338103109372,0.725366236715719,5,check
57,350.5,300.5,240.31952860328767,171.34251460753515,0.1550510674715042,0,34.623831938046166,1.4773161384519569,5,control
58,426.5,386.5,262.61764869706576,236.2654481801297,0.11279582232236862,1,0.6182046679055723,0.489726335982987,5,control
59,340.5,252.5,231.4969760923621,162.28676883268778,0.20277412235736847,1,0.5634252203237581,0.5193412515612157,5,control
60,346.5,390.5,219.63455579923837,230.48032350509854,0.16841837763786316,0,5.708487598950162,0.8909349277331698,5,control
61,350.5,410.5,222.5894964294532,240.98046455613496,0.12077402323484421,1,0.265043305931004,0.34991706943695394,5,control
62,610.5,360.5,354.56138051995885,238.81182900773894,0.13633790612220764,1,0.3487029127860862,0.2005449420813503,6,control
63,464.5,292.5,491.0,154.0,0.11715621501207352,0,418.47285167646794,,6,control
64,564.5,382.5,331.0,250.0,0.19911839067935944,0,8.429640312867871,,6,control
65,542.5,366.5,324.0,238.0,0.10527181625366211,0,6.691169007215049,,6,control
66,488.5,390.5,294.0,243.0,0.1257873773574829,1,2.0271799367284036,,6,control
67,452.5,326.5,283.5743516947236,215.1445230900379,0.10719547420740128,0,14.362560132719642,9.413577577553427,6,control
68,586.5,388.5,345.73046565170563,249.29964961517783,0.2168557196855545,0,10.5921986945854,3.5030027088900133,6,control
69,596.5,314.5,395.34005401115684,174.5453980231806,0.16192610561847687,0,120.74193206285666,0.8767385994888479,6,control
70,596.5,314.5,351.68467888873033,215.12463327793964,0.1398024708032608,1,0.35316995031194615,0.4250912985007231,6,check
71,528.5,288.5,193.0,100.0,0.15874801576137543,0,319.2972206270024,,6,control
72,472.5,352.5,291.0,228.0,0.1754939705133438,0,11.087444243627399,,6,control
73,446.5,266.5,282.1348076455564,178.28306427030088,0.13332855701446533,1,0.8253048567651883,0.3997795788335419,6,control
74,520.5,324.5,313.0,222.0,0.10010004043579102,0,17.185166581913215,,6,check
75,780.5,230.5,448.0,189.0,0.14678192138671875,1,1.520467798833487,,7,control
76,810.5,278.5,324.0,329.0,0.1280936300754547,0,354.82378769008864,,7,control
77,766.5,282.5,436.5208252245954,213.71545525492243,0.1563042551279068,1,0.5085874732045033,1.4814361067741648,7,control
78,654.5,382.5,374.07001596409884,253.42170903927615,0.22216126322746277,1,0.008332122250137724,0.31869326676009696,7,control
79,720.5,292.5,413.6709375616103,215.11782509103884,0.14351101219654083,1,0.20533522859722014,0.45234614930631994,7,control
80,666.5,268.5,390.0,194.0,0.12206839770078659,0,9.573869465771248,,7,control
81,750.5,374.5,420.0,255.0,0.1197010800242424,0,5.787890697512093,,7,check
82,648.5,220.5,386.0,176.0,0.1338954120874405,0,4.940161246883042,,7,check
83,752.5,308.5,427.66571211143906,225.4171869651899,0.12224368751049042,1,0.2237624581621033,0.4713615252482233,7,control
84,730.5,318.5,416.4925861986185,228.9756778400969,0.19230437278747559,1,0.8923493457825631,1.102872009885587,7,control
85,692.5,358.5,394.0,240.0,0.13740620017051697,0,9.981637112662309,,7,control
86,110.5,496.5,269.0,443.0,0.10489462316036224,0,497.3842158349101,,8,control
87,110.5,496.5,98.0,267.0,0.15648934245109558,0,10.366573535615919,,8,control
88,200.5,496.5,143.0,268.0,0.20415610074996948,0,6.409196077667264,,8,control
89,104.5,458.5,95.0,248.0,0.11412839591503143,0,10.157398714109352,,8,control
90,172.5,470.5,131.0,260.0,0.1594194918870926,0,11.007336661807452,,8,control
91,150.5,612.5,104.0,326.0,0.10841888189315796,0,5.298799730771008,,8,check
92,130.5,612.5,95.0,322.0,0.2233886569738388,1,0.4631374127641449,,8,control
93,164.5,520.5,125.0,280.0,0.17264758050441742,0,9.22430275988146,,8,control
94,92.5,500.5,87.0,267.0,0.14823752641677856,0,8.595503398725363,,8,control
95,186.5,614.5,123.14390615255977,328.0546773626766,0.1363004446029663,1,0.8046653450707851,0.795903468011292,8,control
96,80.5,578.5,73.29175599759365,300.06344257481743,0.11360728740692139,1,0.6881452164445486,1.0331089605447008,8,control
97,96.5,566.5,83.0,301.0,0.10071894526481628,0,10.309902600494016,,8,control
98,164.5,560.5,116.76804427797782,298.5267726314013,0.14825525879859924,1,0.5004760668544516,0.4541204070144253,8,control
99,138.5,444.5,114.36159142911018,239.2311548592399,0.1607864499092102,1,0.3128876411119309,0.6616888957782315,8,check
100,98.5,614.5,79.00170795794794,320.1080994962439,0.22980289161205292,1,0.19860324799296475,0.4044959757073552,8,control
101,242.5,458.5,165.0,251.0,0.11392465978860855,0,8.020862337615693,,9,control
102,354.5,450.5,218.0,261.0,0.18236570060253143,0,6.1821009870876695,,9,control
103,372.5,442.5,228.0,256.0,0.16044196486473083,0,7.749580434016764,,9,control
104,348.5,470.5,216.0,270.0,0.14888639748096466,1,0.8964300347424665,,9,control
105,414.5,532.5,243.27830375640886,306.8676231761504,0.10315157473087311,1,0.5585244859573327,2.8565251203777007,9,control
106,324.5,634.5,188.0,348.0,0.19236311316490173,0,4.7973849758593765,,9,check
107,410.5,446.5,249.15899725617172,263.73591495794204,0.1504133641719818,1,0.650643198278744,0.7709744916701191,9,control
108,214.5,532.5,144.6722173991119,289.99787889623883,0.18253163993358612,1,1.7605482167817987,0.46790772594160995,9,check
109,282.5,624.5,167.0,341.0,0.17167775332927704,0,5.811660565879097,,9,control
110,298.5,446.5,193.79542657632294,254.03092021126014,0.1172388568520546,1,0.18545945707931305,0.32041665063814884,9,control
111,380.5,642.5,216.75330389165185,357.8976536954399,0.14767645299434662,1,0.8383264083048969,0.44624780321837526,9,check
112,390.5,502.5,234.0,294.0,0.14339807629585266,0,8.426431675084318,,9,control
113,352.5,546.5,211.94438455329848,308.91375227539413,0.14531080424785614,1,1.4583020499304729,0.8799277709433097,9,control
114,388.5,518.5,234.0,294.0,0.16344450414180756,0,8.136513114194171,,9,control
115,242.5,592.5,152.99047127306454,321.50057399691474,0.10568057000637054,1,0.2753066345104546,0.5240058861483538,9,check
116,314.5,534.5,193.71845538681896,298.8316914519538,0.1735895276069641,1,0.28791146760600317,0.3968111290060265,9,control
117,404.5,490.5,242.55085262391424,285.8567397553052,0.1518690288066864,1,1.5201923168871452,0.718195703444694,9,control
118,370.5,518.5,223.0894548476529,295.13054809884784,0.2036745399236679,1,1.5593004948004405,1.0472486831783985,9,control
119,248.5,616.5,153.64566587226759,333.71047666482866,0.17679962515830994,1,0.43949293220588936,0.35204947289208843,9,control
120,332.5,568.5,204.0,318.0,0.11175063252449036,0,8.48393906117038,,9,control
121,590.5,610.5,323.414212860448,359.7851201192888,0.10139834880828857,1,0.30960540908045786,0.7956351316171898,10,control
122,510.5,474.5,297.0,287.0,0.1632840633392334,1,2.287193778772942,,10,check
123,514.5,446.5,300.50381080104864,272.92430359410196,0.14663834869861603,1,0.20927124113104575,0.24759056991928513,10,control
124,524.5,462.5,304.0,281.0,0.14939063787460327,1,1.363202717683418,,10,check
125,636.5,434.5,360.53059870593114,276.9441708459259,0.14078211784362793,1,1.0877398082006626,1.5131224243071946,10,control
126,578.5,450.5,331.16589668018804,280.6662037496234,0.1783517301082611,1,0.6074854750885333,0.5020166632959104,10,control
127,598.5,430.5,343.08743900167894,272.7269520010992,0.1344742327928543,1,1.012055337432238,0.395531008842669,10,control
128,622.5,492.5,260.0,195.0,0.11830838769674301,0,283.8120721246967,,10,control
129,628.5,514.5,355.0,318.0,0.10823758691549301,0,10.763759952764048,,10,control
130,434.5,498.5,256.2064827534859,291.1918306944536,0.2080744504928589,1,0.9645042773366447,0.4929587011254059,10,control
131,454.5,524.5,263.80379053468556,306.03559034033265,0.10731937736272812,1,0.3199443391107476,0.4109995444726546,10,control
132,784.5,526.5,427.0,330.0,0.12323720008134842,0,10.700019325040044,,11,control
133,666.5,516.5,371.0,324.0,0.17148415744304657,0,9.418884336529056,,11,control
134,784.5,496.5,427.0,317.0,0.14321860671043396,0,6.4167303822860795,,11,check
135,664.5,474.5,269.0,417.0,0.11189275234937668,0,311.1227971555015,,11,control
136,712.5,508.5,392.0,318.0,0.15136122703552246,0,4.214638221779186,,11,control
137,788.5,582.5,422.2700037722813,362.8435538372062,0.12701885402202606,1,0.24558580325657267,0.6060624017996056,11,control
138,760.5,600.5,408.0,374.0,0.16065235435962677,0,9.636344061575922,,11,control
139,758.5,436.5,416.82584224098883,281.3785274452155,0.1348877251148224,0,15.767194992390786,5.020480230031386,11,control
140,808.5,454.5,394.84492302620623,175.1965173070098,0.199767604470253,0,273.15823330441117,1.0865872591974384,11,control
141,712.5,604.5,390.3734934506462,372.6813499383907,0.13430368900299072,0,17.849858010738654,1.6870319531874927,11,control
142,694.5,514.5,287.0,440.0,0.2136189490556717,0,303.5140925143375,,11,control
143,644.5,548.5,355.3022836930844,334.2704400742145,0.12265579402446747,1,0.873247675022047,0.4248284416074117,11,check
144,706.5,636.5,377.8079535157914,382.49363895460755,0.13334518671035767,1,0.07849530062879426,0.6276927919462894,11,control
145,160.5,754.5,97.45542988262834,395.34162876358494,0.10927073657512665,1,0.09103694092047507,0.30251093869400825,12,control
146,208.5,676.5,129.0,364.0,0.22092536091804504,0,7.058241436441127,,12,control
147,136.5,652.5,92.0,340.0,0.15465132892131805,0,6.854676112434765,,12,control
148,46.5,710.5,44.45191310940944,362.11577042930986,0.13568322360515594,0,2.99883954624289,0.7926826133342133,12,control
149,190.5,698.5,127.59885558554637,374.17517398887577,0.136508509516716,0,21.67595732059973,1.9786057946985436,12,check
150,158.5,678.5,182.0,257.0,0.12288536131381989,0,251.5548225965506,,12,control
151,232.5,652.5,141.76090248835462,348.332244341699,0.16905628144741058,0,4.61310569595991,4.64221176169932,13,control
152,250.5,658.5,151.0,358.0,0.17077302932739258,0,5.85182089617108,,13,control
153,354.5,732.5,193.0,403.0,0.13748493790626526,0,7.8937945638578615,,13,control
154,302.5,658.5,176.97373599380288,359.29678791089356,0.14297078549861908,1,0.3405587610458952,0.2731721890952497,13,control
155,276.5,656.5,164.0076676650913,356.31553762865593,0.14967656135559082,1,0.25885345607566923,1.1922738026772206,13,control
156,230.5,822.5,126.40087819074125,435.1160419526205,0.10368131101131439,1,0.5621847884544028,0.39556709289295366,13,check
157,352.5,794.5,189.98961294454773,431.62091555562785,0.23412372171878815,1,0.11683924530200995,1.1026762448883138,13,control
158,302.5,704.5,176.0,381.0,0.1894862800836563,0,6.754071159397891,,13,control
159,592.5,816.5,234.0,418.0,0.11105677485466003,0,170.3975250733042,,14,control
160,428.5,750.5,234.0,418.0,0.12295959889888763,0,6.437676157034879,,14,control
161,542.5,710.5,427.0,330.0,0.1630454659461975,0,312.3836502867766,,14,control
162,454.5,648.5,252.0,365.0,0.16379006206989288,0,5.305904398213257,,14,control
163,580.5,694.5,312.0,399.0,0.11213842779397964,0,3.7614511761276646,,14,control
164,454.5,722.5,246.71673324033281,403.0462648237898,0.15505477786064148,1,2.2650322533385814,1.1885616900948524,14,check
165,598.5,648.5,323.9236187308921,379.223055630819,0.10474824160337448,1,0.33445641735176806,0.4932353221330223,14,control
166,700.5,718.5,362.0,413.0,0.1434154063463211,0,22.69483976965884,,15,control
167,678.5,678.5,273.0,344.0,0.10535236448049545,0,209.82296028820488,,15,control
168,762.5,796.5,391.5004967080095,466.071279993907,0.18360507488250732,1,0.20259806841318997,0.4100696905209747,15,control
169,648.5,742.5,336.0,432.0,0.11863549798727036,0,9.67421708746307,,15,check
170,662.5,754.5,346.43522425551356,437.7124787319447,0.22662490606307983,1,0.5791812169260393,0.588257229783444,15,control
171,724.5,662.5,384.27080767032726,396.84201598958765,0.21971000730991364,1,0.1585589649280869,0.6696469233213616,15,control
172,782.5,722.5,442.0,347.0,0.13300572335720062,0,182.3843131357869,,15,control
