id,src_x,src_y,ref_x,ref_y,score,is_inlier,residual_px,sigma_px,grid_cell
0,123.39656829833984,123.39647674560547,123.56245422363281,123.56396484375,1.0,1,0.0043233997604149275,0.1,0
1,893.2936706542969,118.97630310058594,893.2986297607422,118.98612976074219,1.0,1,0.22335850441025198,0.1,3
2,352.2872619628906,352.28785705566406,352.4759979248047,352.47569274902344,0.8296431,1,0.025994956454727523,0.1,5
3,511.61749267578125,511.61749267578125,511.8326416015625,511.8326721191406,0.97143036,1,0.07083186113523511,0.1,5
4,511.61749267578125,511.61749267578125,511.8326416015625,511.8326721191406,0.8320564,1,0.07083186113523511,0.1,5
5,511.61749267578125,511.61749267578125,511.8326416015625,511.8326721191406,0.978023,1,0.07083186113523511,0.1,5
6,511.61749267578125,511.61749267578125,511.8326416015625,511.8326721191406,0.59833413,1,0.07083186113523511,0.1,5
7,511.61749267578125,511.61749267578125,511.8326416015625,511.8326721191406,0.97584724,1,0.07083186113523511,0.1,5
8,511.61749267578125,511.61749267578125,511.8326416015625,511.8326721191406,0.83206415,1,0.07083186113523511,0.1,5
9,118.97620391845703,893.2935791015625,118.98605346679688,893.2983093261719,1.0,1,0.2234518112808557,0.1,12
